"","text","sentiment"
"1","   learnt  travelling  south korea   pandemic  ","negative"
"2","bighitter  read     idiot   travelling   pandemic               shut  fuck  lol","negative"
"3","  tfwrail train  travelling  birmingham  holyhead    carriages  jammed  people  toilets          global pandemic    strain spreading    poor service  dangerously irresponsible","negative"
"4","mattgallowaycbc  call  thick    travelling   pandemic    leaders  exacting  example  taking stringent steps  halt  spread  closing boarders instead  implanting useless amp chaotic rules guess  leadership     ","negative"
"5","celinegounder  testing requirements  travelling   pandemic  incubation period   short people   tested negative hours     time  boarded  flight  test positive celinegounder","negative"
"6","booshmeister    oh  dont      mid size suvs   set     ltpickup truckgt yeah im travelling    cargo     rain compact suv     jetta reserved  month  advance pre pandemic   ","neutral"
"7","bd sabcnews enca hey cyril     job   vax salesman  travelling  tax payers money peddling   pandemic vax    phuktard dicktator mates","neutral"
"8","byoung wholemarsblog omicron   spread    vaccinated travelling individuals  countries  don allow unvaccinated  travel  narrative  unvaccinated causing  pandemic   stop  society digests ","neutral"
"9","travelling   pandemic  fcking simpathy   ","negative"
"10","telegraphtravel travelling   pandemic  fcking simpathy  ","negative"
"11","pilgrimfarms cchisu cbcnews    choice  wasnt due   lack  health care  canada   original comment  inferring people travelling   pandemic    prepared   eventualities bitching    follow  guidelines coming home  ridiculous","negative"
"12","girlwestcoast masamonae globalnews travelling   third world country  africa   pandemic  severe dietary health issuesyeah okay sympathy lost","neutral"
"13","birlios    privilege  travelling internationally   global pandemic    nations grounded  whined   precautions      safe","negative"
"14"," weeks ago travelling   pandemic  crazy annoying    booking hotels  train seats","negative"
"15","birlios iananywhere yup  ve     spend        country    travelling    middle covid   near    pandemic  accepting  risks","negative"
"16","   hold  country accountable financially   massive virus pandemicnot speaking  sooner etc   human   accrue  suffer  costs ppl   robbed paying   teststravelling etcamppoorest wno phones etc sufferagainthe ","negative"
"17","piersmorgan  mean    kept shrieking  people travelling   pandemic    holiday yourself twice   pandemic    kept shrieking  mass gathering     football  people youre   virtue signaling mouthpiece","negative"
"18","wbuxtonofficial focus   travelling     pandemic   huge bonus   book   traveling   mail reason  spreads   doing    actually helling   pandemic","negative"
"19","   au pair travelling  germany  wales   pandemic    community  cold water dipping wildswimming ","negative"
"20"," flexibility   anytime  especially   travelling   pandemic     ","neutral"
"21","fairyfairhurst realdenisewelch   own fault  travelling     middle   pandemic maybe shes learned  lesson ","negative"
"22","bbcbreakfast bbcpolitics  travelling abroad   pandemic    necessity   people     ","negative"
"23","  stop  gayz travelling   global pandemic    plane tickets  vinyls  love      solely responsible   travel industry economy  ","negative"
"24","jewelsdoyle  spouted       travelling   pandemic ","negative"
"25","wbuxtonofficial        travelling   pandemic","negative"
"26","hey redhunttravel   tell   started   travel company     else    fun   middle   pandemic hope  actually start travelling     catch   ","negative"
"27","mental   government  profiting   pandemic       test   uk  fine   send    free     re travelling    buy   test kit   friends randox  multiple mps   stake ","negative"
"28","telegraphtravel telegraph  justified  complain  social costs  travel   type  increasedbroader spread   pandemic   internalised   individuals travelling testing helps reduce  social costs  actually  sort  travel offset tax  ","negative"
"29","leechih globaltimesnews wta  happened   travelling  hubei   don      hubei   tourism  million people  died   global pandemic     controlled  ground zero  beijing intentionally     cash   ppe monster","neutral"
"30","ahindinews donanantsingh   bjp central govt failure  country  facing pandemic rises shame  modi govt bjp govt didnt closed airports  allowed travelling passengers  enter   testing  govt     bjp central govt  busy witj elections campaigning","negative"
"31","travelling   international pandemic      fainthearted packs traveltuesday   socialmedia","negative"
"32","mlarksmith im    crazy  traveling   pandemic maybe   reach  safe stage    ill   travelling  home","negative"
"33","cant believe  am actually travelling outside bangalore   st time   pandemic  time  teach  bunch  super enthusiastic pg diploma applied theatre students  appliedindia appliedtheatre theatreineducation appliedtheatreinindia pandemictravel","neutral"
"34","andrewt morning andy   understand  discomfort  travelling   busy train customer safety  remained  top priority  ours throughout  pandemic   continue     transform  wales  borders network    run services   wasnt safe   soned","negative"
"35","      thru  pandemic mightve actually  harder    usual worldtravelling routine maybe   physically  mentally    alert providing nonstop content thru   anxieties amp uncertainties mustve  exhausting","negative"
"36","  qantas enforcing  expiry due  months inactivity   pandemic   airlines   doing  utterly stupid   welcome people   travelling qantas qantasff fuckqantas","negative"
"37","muscmaker akheriaty kksheld         matters     global pandemic     travelling internationally    cdc recommends eg measles vaccine doses    weeks  departure   protected","negative"
"38","   travelling abroad   pandemicwhat  wrong   simonenglish people   stupid  feel  entitledthey    able  leaves  homes    country","negative"
"39","bernamatv     hold election  pandemic  jail term   hold   hold ensure  travelling  east  west  mth elections","negative"
"40","bbcworld    travelling abroad  england     changes  testing requirements      pay   test amp  moan   additional cost  chose    holiday  pandemic   british tax payer","neutral"
"41"," perks  travelling   pandemic   active variant  concern  guess","negative"
"42","  stay safe  travelling   pandemic  vital concerns   traveller gtgt ascottstarrewardsmembershipprogramme discoverasr ","negative"
"43","mattgallowaycbc  struggle    sympathy   travelling   continents   pandemic  mean   try  stay  north america","negative"
"44","dadstanich yep born  raised lol yeah     time travelling   pandemic  yeah normally  test   free  cheap depending         travel     thats expensive   free","negative"
"45","depresses   im  months   havent  travelled  ive    fear  travelling due     look   sexuality    pandemic   opportunity  ive        cant wait  start   journey  ","negative"
"46","hi niabbot listening   talking  simoncalder   forget theres  global pandemic global   spreads  people travelling  foreign holidays   luxury  travel industry    care  profits  peoples health ","negative"
"47","packing impahla  day  travelling   real pandemic","neutral"
"48","drewlawdesign travelling   pandemic ","negative"
"49","strombo    happy  app       oh    fixed   pandemic   started travelling  ","neutral"
"50","tuonanh nooo   curious     possibility       pandemic     gonna   wait        lenient    attempt travelling  bts ","negative"
"51","      mj musical   travelling   york  gonna  difficult   pandemic ","neutral"
"52","globalbc  sympathy   canadian dollar    spent  try  arrange     home travelling   pandemic     poor medical system  raging pandemic  foolish   capital  media   ridiculing   trying sympathy","negative"
"53","reedcurtis travelling   middle  pandemic     reconsider particularly   light  omicron spreading stay home  stay safe","neutral"
"54","  covid pandemic particularly  travel restrictions prevented people  travelling   miles   homes  canal towpaths   vital lifeline  city dwellers seeking  connect  nature canalmagic urbanregeneration eurocities ctopley ","neutral"
"55","fursiers britishairways  shouldnt  travelling   pandemic serves   ","negative"
"56","tobystephensinv wait   omicron suddenly     people  travelling abroad     lost  wife     sorry   people  authorities  action  responsibility   beginning   pandemic  wouldn    situation","negative"
"57","chrisobrien flossybball dying      country     travelling   pandemic negative pcr  negative antigen test   stuck    rapier wit  handsome ","negative"
"58"," days    comes   close    started slowly    travelling    damages  pandemic  inflicted  tourism  imma    somehow happen  planned ","negative"
"59","lots  people     managed     films  read      short answer   pandemic  increase   normal averages  travelling  family   socialising films  books  escapism love   miss   stuff","negative"
"60","cbcnews    canadians   stuck  south africa  ottawa suspended travel   country  neighbouring countries    week ago    risk travelling   pandemic suck   buttercup  ","negative"
"61","    longdistance flight    forget   travelhygiene habits rest  head   tips instead   ","neutral"
"62","kathrynmathias supriyadwivedi     angry   twitter warriors   judgmental  canadians   media   stuck  south africa due   multicountry flight bans    government restrictions  travelling      pandemic travel protocols maintained","negative"
"63","ctvqp    travelling   pandemic dont whine  delays","negative"
"64","ctvqp yes stop travelling   pandemic donate  money  immunize  world","neutral"
"65","  unvaxxed   cause   pandemic   despite  vaccinated  spreads  virus amp    test especially  travelling  vaccinehumour novaccinepassports","negative"
"66","saying  shouldn travel   pandemic    risks  travelling  response    fucking ridiculous   ve  vaccinated    pcr tests maybe    covid     paying    quarantine hotel ","negative"
"67","covidsolidarit xtrtrrstrl      government     partied   worst  pandemic  christmas    senior advisor    travelling length  england    suffering  covid","negative"
"68"," people  pick   virus   stayed    month travelling     post xmas lockdown  son     sick  months   help  else  helping   job   pandemic    prep  attend  stand  morgue","negative"
"69","guardian     rail network  frequent services   pandemic recedes  climate change   major challenge   people  stop travelling  car  move  trains    bonkers","negative"
"70","seunghoon  sweetest    pandemic     start  travelling vlog   bestie  enlist   hoony  seunghoon officialhoony ","negative"
"71","goodbye germany  hello australia   travelling   pandemic  via   patreon   instagram puntingforthepeople business  youtube","negative"
"72","filipfrid whatkaileysaid westjet    thank   filling   forms  telling    claim   processed   heard    pandemic drags   likelihood   travelling dwindles  wonder      waiting  money   rightfully ours ","neutral"
"73","travelling   polar expedition   pandemic    experience   people     luckily  egucr egublogs ninja   trusty scientist sidekick dareliuselin  shared  adventure   lego comic read   ","negative"
"74","thank    story   traveller  missed travelling   pandemic lockdown    travel addict ","negative"
"75","miss travelling     hope  travelling      addiction     mere hobby thanks   covid global pandemic  am  desperate        plane  promise   complain   hauls   future","negative"
"76","yes travelling  tanzania   pandemic  travel adventure safari","neutral"
"77","ringrust via ewrestlingnews updated match list  mcmahonopolis travelling circus spectacular dayone  peacocktv   disunitedstatesofdiabeetusberg amp wwenetwork  countries   doing whats      pandemic ","negative"
"78","bariiiiiq omg  looove      booster  requirement  travelling      pcr   travel haven     pandemic started     sounded    logistical nightmare   tweet  calling   ","negative"
"79","haggisuk  andrewmarr  aware    pre tests  people travelling  uk   standard procedure   pandemic       planned strategy      late","negative"
"80","itsemilykaty      students wishing   gap   time   travelling  globetrotting  pandemic       abit     ","negative"
"81","travelling  tanzania   pandemic  luxury travel blog  luxurytravel ","neutral"
"82","thebtaorg clivewratten  sector   impacted   pandemic     choose  loss  profits  loss  lives  guess     profits     unnecessary loss  lives   untested people travelling  world  perpetuating  mess ","negative"
"83","yodifiji stop pandering  uk travellers abroadthey   risk travelling   world pandemic    suck   consequenceswe       scrambling  beat  restrictionsfor god sake   outor stick     quantine hotels  return","negative"
"84","fionasdaly   pandemic fiona  shouldnt  travelling  theres  sofa   name   stay  ","negative"
"85","  pope   age  travelling   middle   pandemic    mask  pope francis visits asylum seekers  lesbos island  via rte","negative"
"86","travelling   international pandemic      fainthearted packs traveltuesday   socialmedia","negative"
"87","lauraaj     pandemic    travelling  waterloo  euston  week    deserted   basically   trains   ","negative"
"88","youngeconomist ballouxfrancois yes indeed amp  cost  borne    choose  travel   pandemic notwithstanding  choices  harder      messages   travelling    definitions        hit  economy possibly harder","negative"
"89"," shouldnt  travelling    tourism industry complaigning     able  visit customers    trade   months   pandemic travelling  holidays   smart im  extra risk     elderly family","neutral"
"90","aaronboothuk carldinnen  guess   insist  travelling   global pandemic","negative"
"91","travelling   country   pandemic   cumbersome   external factors   beyond  control imagine testing positive     board   vacay    stuck   country  quarantine  time  finished   money  vacay ","negative"
"92","  pandemic started  china  posture   save  world  theres   variant      africa            world  posture   ban africa    im   fussed  travelling   continents","negative"
"93","heathrownoise grantshapps sajidjavid    hour   am planes      london   minutes    pandemic    variant     climate crisis   travelling   covid mentalhealth climateactionnow","negative"
"94","cbcnews     cdns living abroad  travelling abroad      protect  health  cdns living   amp  healthcare system       entry except cdns   abide   rules months  telling cdns pandemic rules change amp  prepared","negative"
"95","heathrownoise    sunday morning    plane      people travelling   pandemic    climate crisis planestupid heathrowmustnotexpand","negative"
"96","apropos  cy goddard    central coast    boy  country   choose  play     australia    pandemic   travelling  japan hard  japan   unlikely  start   ","negative"
"97"," coronavirus pandemic      bind travelling   restricted   meeting  extended family   friends thanks post signature   christmaspresents ","negative"
"98","yvesrees theres  pandemic   people travelling     city  congregate   spot      stupid   protest","negative"
"99","tassiedevil im thinking   relatives  mine  jumped  cue  vaccines    safe recreationally travelling     pandemic","neutral"
"100","   discovered   covid pandemic stopped   travelling       local  road trips roadtrips travel covid newnormal localtravel ","negative"
"101","     institution   beginning     wouldnt   teach  unit  home    students  begging     virtual     unsafe   travelling  london  bristol   pandemic half  pay   trains ","negative"
"102","gavreilly  makes  sense alright      risk  risk  goes  travelling abroad   pandemic      allowing covid positive travellers board planes   viable alternative","negative"
"103","pandemic restrictions  easing  travelling  starting  ramp   mark international day  clean air  blue skies    simcenter     help clean   air  simcenter aviation cleanairforall ","neutral"
"104","   mother   french    sending  child  school  france     uproar   family travelling   taxpayer salary   fucking pandemic","neutral"
"105","pandemic restrictions  easing  travelling  starting  ramp   mark international day  clean air  blue skies    simcenter     help clean   air  simcenter aviation cleanairforall ","neutral"
"106","  time travelling   pandemic started   handbag    disposable masks  anti bac wipes  bloody  chaps","negative"
"107","ritapanahi wow thats  ours cost   start   pandemic guess  arent  pcr tests  australia     travelling","negative"
"108","cardiffrugbyweb rugbyap maybe morons shouldn  themselves    ridicule   league   bad   quit  tough shit    pandemic    risk  travelling abroad fuck      welsh government","negative"
"109","  artists adapt  creative process  pandemic annesophie emard combining    live experiences amp  urge  convey  travelling limitations implementing    digital channels   source  information amp communication creartconference creartvll ","negative"
"110","  travelling   homes     variant      difficult  understand airlines  suffered      helped      pandemic humble request please ","negative"
"111","travelling   polar expedition   pandemic    experience   people     luckily  egucr egublogs ninja   trusty scientist sidekick dareliuselin  shared  adventure   lego comic read   ","negative"
"112","stxdm rugbyap    hemispheres   pandemic    playing  countries  little   travelling fans officials  games   employed    people   players   refereeing   dead league     ","neutral"
"113","   try  avoid travel   days   pandemic      avoid travelling  indigoe   usual indigo  misses  opportunity  cheat  loot passengers  carry  screenshot  web checkin else ready  pay  penalty","negative"
"114","  pandemic      people   travelling     honestly   vaccination status   required   pandemic   look beyond      ","neutral"
"115","travelling   international pandemic      fainthearted packs traveltuesday   socialmedia","negative"
"116","justintrudeau jjhorgan omnitron    pandemic   vaccinated   rule     ones travelling thanks   heeding   own warning     pandemic  selfishly   unnecessary trips","negative"
"117"," speaking   lok sabha  forth  query  aviation ministry      initiative  establish minimum standard operating procedures   ease  vaccinated passengers  establish uniformity  travelling   pandemic mocagoi covid ","neutral"
"118","beingsalmankhan   global pandemic       backi   virus   thru   visits india    eyes  red fill smell bad  nose     care     travelling  ","negative"
"119","pandemic restrictions  easing  travelling  starting  ramp   mark international day  clean air  blue skies    simcenter     help clean   air  simcenter aviation cleanairforall ","neutral"
"120","pandemic restrictions  easing  travelling  starting  ramp   mark international day  clean air  blue skies    simcenter     help clean   air  simcenter aviation cleanairforall ","neutral"
"121","pandemic restrictions  easing  travelling  starting  ramp   mark international day  clean air  blue skies    simcenter     help clean   air  simcenter aviation cleanairforall ","neutral"
"122","pandemic restrictions  easing  travelling  starting  ramp   mark international day  clean air  blue skies    simcenter     help clean   air  simcenter aviation cleanairforall ","neutral"
"123","maycarlen hahaha    deliver  variant   country   die      spreading corona don blame   unvaccinated people blame  people  travelling   world    pandemic","negative"
"124","indianindex harshmadhusudan   half    trains  shut  passengers travelling   railways   drastically reducedthanks  pandemic ofcourse  death index    zero","negative"
"125","sulapesi   maybe     try check   electrical retailers sorry       havent  travelling recently due   pandemic","negative"
"126","  hope  pandemic   soon  miss  beach  travelling  ","neutral"
"127","pandemic restrictions  easing  travelling  starting  ramp   mark international day  clean air  blue skies    simcenter     help clean   air  simcenter aviation cleanairforall ","neutral"
"128"," book musicscapes  scotland vignettes  prehistory  pandemic     amazon     bookshop      paddledoo books site   kindles  release  folk amp traditional music travelling folk dec scottishmusic ","negative"
"129","artoferin oh wow    amazing ll actually   mid   knock  wood re pandemic   seattle  hopefully travelling   bit","negative"
"130","justintrudeau jjhorgan adriandix  delta variant  dubbed  pandemic   unvaccinated  unvaccinated  banned  travelling   omnicron   dubbed  pandemic   vaccinated      ones allowed  travel","negative"
"131","dfisman     virus    hospital  travelling via  human     aerosol transmission blowing  outdoors   indoors","negative"
"132","starvancouver     guessed  travelling   pandemic   problematic  figure","negative"
"133","mywestldn   risk   travelling   pandemic","negative"
"134","bcdelaney trishgreenhalgh   hundreds  senior clinicians travelling   world  spend time sharing indoor space   conference  days   middle   pandemic","negative"
"135","peterobinson hope  damn pandemic settles  allows easier travelling sick   masks  covid","negative"
"136","iaatkinson  dont     idea  ensure people travelling   pandemic  whatever reason   easily professionally  accurately  tested    dont  governments provide   access   airport    heathrow express  sell ","negative"
"137","jannarden  decided precovid  spend  time  money travelling  canada   pandemic   cemented  pledge   mean  car travel   flying  couldnt relax     intl trip","negative"
"138","  guardiannigeria piece travelling   era  covid pandemic ","negative"
"139","drtcombs huyenkle  am    happily   travelling  pandemic plus  sizzling planet    power telling     planned  hybrid","neutral"
"140","ve listened  significantlyyyy  music   normally    defo  result  pandemic    listen  music   travelling  especially     lot     usual obviously","negative"
"141","faefaehyung sadly  don        rule  korean nationals  response   omicron variant   didn            guess travelling   pandemic     carry  risk ","negative"
"142","travelling solo    time    nervewracking  cathartic experience  doing    pandemic     story  ","neutral"
"143","travelling   era  covid pandemic  guardian nigerianews ","neutral"
"144"," left wing debating travel bans makes  insane    pandemic    travelling  world     nonessential travel  havent       am concerned stay home  shut  unless travel  essential    ","negative"
"145","gbnews      believe   dont  remember   mess     pandemic    beginning  wasnt transmittable  humans     didnt   stop travelling    masks    didnt       ","negative"
"146","travelling   era  covid pandemic  guardian nigeria news nigeria  world news ","neutral"
"147","   people  toronto  travelling   city    pandemic  according   city  toronto report    situation   spell danger   holiday season approaches cityoftoronto cityoftoronto traffic travelling pandemic ","negative"
"148","yeonkook sexisiyeon naur totoo anyway  weren   pandemic  money   spent  travelling instead hahaha","negative"
"149","correction  ccpprc suppressed  detection   travel restrictions leveraged     travel   throttle   countries coerced   delay pandemic declaration massively infected northern italy  travelling factory workers ","negative"
"150","travelling   era  covid pandemic ","negative"
"151"," morning clivewratten   bbcnews talking   devastating impact    restrictions  international business travel  imperative  corporates  confidence  travelling  vital reasons   try  recover   pandemic yourbta covid","neutral"
"152","rafaelbehr pmdfoster helenebismarck  luck  im  travelling miles   family birthday party  saturday  im  kittens damn pandemic","neutral"
"153"," im looking  people   uk     changed  commute   pandemic  example  person im speaking    travelling    electronic skateboard maybe   cycle walk   miles    skip      journorequest","negative"
"154","blog link  throwback  staycation  changicove  singapore   pandemic changi hotel stay sleep bed restaurant buffet eat heritage fun play journey holiday vacation wanderlust trip travel blog travelblog travelblogger ","negative"
"155","uberindia   travelling  uber   feel safe   pandemic uber  try       drivers  passengers cover    masks  requested below driver  wear mask   replied ab  corona nae hai sir  didnt obey  rule ","neutral"
"156","mickyg hulleysofbaslow theoutdoorcity cpre   launched     pandemic  maybe odds      start  folk feel ok travelling    confined space   maskwearing strangers","negative"
"157","bbcnews  wouldn   risk  travelling  abroad   pandemic  foolhardy     yourself  blame   goes wrong","negative"
"158","openureyes vladimirootin chrissaccoccia yes september chris   travelling   europe   beginning   pandemic     restrictions   implementing  covid reached  ahead  north america    repeating   experienced ","negative"
"159","        married friends   planning  vacation  real hard   period  time      harder coz    travelling solo   bloody pandemic ","negative"
"160","asbrexit skynews people   decided  live abroad wont  able  travel  easily       health amp lives  risk     million   seen family   country   start   pandemic   travelling covid rats spreading virus randomly","negative"
"161"," aware   covid pandemic means  advice  change  short notice  travelling check     information ","neutral"
"162","received blessings  dr mansukhmandviya sir  travelling  russia   international prize    ceremony  motivation  guidance enabled   help maximum people   pandemic mohfwindia officeofmm ","negative"
"163","travelling   international pandemic      fainthearted packs traveltuesday   socialmedia","negative"
"164","dear indigoe  senior citizen inlaws   travelling cjbpnq  week   terrified  travel   pandemic     cjb   assure   help   checkin","negative"
"165"," aware   covid pandemic means  advice  change  short notice  travelling check     information","neutral"
"166","prairiecentrist    exact reason   am opposed  nonessential travelers   income countries travelling  low income countries   pandemic   fall ill    countrys limited resources amp potentially spread virus   travel amongst undervaccinated pops","negative"
"167","denisegan alexberesfordtv  travelling  pandemic   stop im happy  guarantee   country  weeks  sadly   unvaccinated  travel   attend concerts       amazing   double    rug","neutral"
"168","travelling   pandemic means     prepared   plans   interrupted  short notice  key   book   providers  allow flexibility   change     updated travel guide  smartraveller  ","negative"
"169","sharkawymd prairiecentrist didnt germany  identify   guy   link  south african travelling  contact  pandemic management   getting worst  worst isnt   definition  insanity doing        hoping    outcome","negative"
"170","jesminbau ya   travelling anytime soon  due   pandemic  worth  time    quarantine  placed","neutral"
"171","sas   yearend results burdened   pandemic  news travel aviation avgeek air flights airlines flyer travellers travelling","negative"
"172","jackvwbacon paulmitchellab     travelso   spread covid    people travelling  double jabbed  pandemic   vaccinated","negative"
"173","oh    hate  freaking pandemic  travelling   annoying","negative"
"174","richardzussman   people travelling  bc  nigeria     worldwide pandemic           vaccinated","negative"
"175","bryanpassifiume air moroc cancelled flights   ma   time prepandemic    airline canceling flights     gac goc repeatedly warns travelers   risk  travelling internationally   pandemic amp risks  traveling  ma    ","negative"
"176","travelling  global pandemic havent learned   change   instant  whine govt doesnt drop   save  arse despite    boat er plane    help sit tight amp    lucky       country   help ","neutral"
"177"," live  seattle   wouldnt    convention   pandemic  cant  imagine travelling    ","neutral"
"178","travel insurance   cover    decision   government     closes borders mandates       quarantine    sort  governmentmandated decision  ","negative"
"179","  planning  travelling overseas weve seen  increase     people applyingreapplying  australian  overseas passports     people   talking  travelling overseas   pandemic       ","negative"
"180","travelling   pandemic plan   insurance wont cover insurance council ","neutral"
"181","richards jofus jonathanpienews  travelled sout east asia extensively   tell   dont wear masks   time pre pandemic    rarely wear masks    actually sick  travelling  bike  dusty congested ","negative"
"182","  contestants   chase    travelling   win  money   bognor regis   pandemic  aint  ","negative"
"183","people  travelling   city    pandemic   deciding  drive    modes report ","negative"
"184","  seeing people talking   ve  travelling  lot  tiktok       aww cute    realized  people    multiple countries   recreation   pandemic  damn  privilege smh","neutral"
"185","travelling   global pandemic  risky business  cdns stuck  sa maybe    waited","negative"
"186","hannahwoolmer  pandemic  stopped travelling  people   getaway     people   ","negative"
"187","sarahallsop theonew realdenisewelch freemanhospital southtees newcastlehosps yes beds prior   pandemic       ve     aged obese amp   comorbiditiesamp      vaccinated demographics    playi   perfusionist hubby  seen  travelling   country","negative"
"188","dianemarieposts gladysrbates  travelling     pandemic     alternate plan    shit goes ","negative"
"189","deetoriadee fuzzywuzzyto   wasn  beach vacation  holiday getaway travel  allowed    pandemic protocols  maintained mystified   partner travelling    wherever  family lives      couple situation caught  multicountry sa flight ban","negative"
"190"," pandemic    transport minister omaralghabra    people  thinking  travelling     travelling requirements  change","negative"
"191","hutch mrbluesboy rhysblumberg tomshanklin welshgovernment cardiffrugby prifweinidog elunedmorgan urcofficial     pandemic   started travel   restricted  clubs  travelling   time   possibility  restrictions   looming","negative"
"192","exploreruk redskykite    lie   compound  lie  accusing     doing   try travelling tabby       week scotland       england     look  figs   pandemic scotland usually lower tha uk","negative"
"193","joeharvey  bad   normal times  tonight belgium similar  week   earth      pandemic  teams travelling   europe  games   nailed  theyll lose  double digits","negative"
"194"," pandemic       people won sit  fuck   stop     weeks maybe  month tops        badly huh  virus doesn travel people    height   pandemic people   travelling sick   shit","negative"
"195","tonitaylor    stopped travelling     pandemic relatively quickly","negative"
"196"," cant   urc season surviving  fiasco  teams travelling  sa   middle   pandemic    able  protect themselves  covid       untenable bin     play  european season","negative"
"197","  aware   covid pandemic means  advice  change  short notice  travelling check     information ","neutral"
"198","try      cant summon   scintilla  sympathy   arseholes    travelling   countries   global pandemic winter holidays aint essential travel reportingscotland","negative"
"199","travelling        pandemic      difficult  imagine uhlokozwa ikhala   times  monththat process   fun  ","neutral"
"200","makaitah      overrated  aimed  people   illiterate  travelling    money  common sense kenya recently learnt  hard  ie global pandemic   luxury tourism  survive    money  targeting  own kenyan citizens","negative"
"201"," latte   day  steady  nerves  travelling   pandemic btstwt        love       btsarmy ptdonstagela ","neutral"
"202","james blockfash logicalfallac autumnthunder gnev   lost   travelling abroad   beyond   people   desperate  travel  theres  global pandemic      start thinking  dont  parents abroad  lived     ","negative"
"203","haydndavies liamjoecook welshgovernment welshrugbyunion urcofficial  professional sportspeople   preferential treatment   singling  rugby players people   abroad amp  family overseas    deal   risks  travelling brings   global pandemic   choose    deal   consequences","negative"
"204","mtownsendgolf golfmonthly dalewhitnell nolayingup johnstonliam oliverfarr wow   tale  woe   pandemic      risk travelling","negative"
"205","downgerd lunchtimelivent andreagilligan    glad       time travelling   pandemic    highrisk family   home     lot   peers  piling   hall  students  knowing  safe    whilst    completely viable alternative isn","negative"
"206","travelling   polar expedition   pandemic    experience   people     luckily  egucr egublogs ninja   trusty scientist sidekick dareliuselin  shared  adventure   lego comic read   ","negative"
"207"," spent   day calling  travel agency   airlines   day  im        pro tip  travelling   pandemic  book directly   airline liek holy shit maybe   particular travel agency  goddamn ","negative"
"208","travellingjake mypenceworth travelbiznews  sound  bit thick jake yes travel     modern world     middle   biggest pandemic   century  borders shouldve  shut   february   wait months    virus  amp   shutting   travelling  wait","negative"
"209","rising covid vaccination rates   people  confident  travelling  airports   united  registering    busiest days    pandemic  thanksgivings day   automotive mobility automotivenews","negative"
"210","idec     selfish   ive    cancel  holiday   fourth time due  covid  pandemic  actual hell  travelling         life ","negative"
"211","rachaelvenables lbc     price  travelling    pandemic       people  holidays  christmas        worth getting  pants pulled    airport  killing  gran  ","negative"
"212","afp    european countries  banned  travelling  spreading  virus oh  poor  african countries    screwed twice   pandemic   economic system  theres    pandemic      world  count  rich gt","negative"
"213","clementsidwal bethfishersport itvwales people   travelling  exemption forms      pandemic    ","neutral"
"214","clareeliza     hospital          england throughout  pandemic travelling   public transport doctors nurses  admin staff        wife  parents        am","neutral"
"215","dianemarieposts   ridiculous   listening  metro morning       heaven sake whinewhine whine travelling   plans   loved ones visit   pandemic  risky blaming  govt   consequences  ones risky behaviour  selfish","negative"
"216","planning  trip  dont     try   beautiful  learn   turkeytravel turkey turkeytime travel travelling travelblog traveladdict traveltheworld travelphotography greece greecetravel greeceislands ","positive"
"217","jswinn ciaraphelan newschambers irishmirror yes      travelling daily     countries    pandemic  yes  accept  pcr test   hse       hrs  departure     hrs","negative"
"218","   west rushed  ban african countries  travelling   pandemic infested countries   omicron    countries    discovered  africa ","negative"
"219","ctvottawa   hope  symptoms  mild amp   recovers   longhaul effects    totally predictable amp    assumed risk  travelling   active pandemic particularly  countries  limited   population vaccinated","negative"
"220","connorgillies nicolasturgeon   borisjohnson realise    global pandemic travelling  meant   curtailed   love  god    stop mutations    infected  separated   uninflected","negative"
"221","mrjamesob frankly  hard  tell  brexit      midst  worldwide pandemic  prevents business   workers  travelling etc disputes  france  occurred amp driver shortages exist  eu       choose  own pathresponse ","negative"
"222","im  hed    travelling  globe  simonreeve     series   truly special   home   pandemic      lengthy informed segment  flooding  land management  ep incl salfordhydro  thelakes ","negative"
"223"," excitement    boys  overtaken  anxiety  travelling   pandemic     breakfast  koya  btstwt btspermissiontodanceonstage","neutral"
"224","mandomunda dont start         traveller  earns   markad   blamed  goberment   travelling    pandemic time    irresponsible attitude  airport authority  administration waiting hours   airport","negative"
"225","profabdoolkarim   temporary travel ban   punishment   people travelling   pandemic     variant","negative"
"226","  goes    travelling  week   home country   pandemic   finally getting  flying anxiety  control      charts  tips  fellow anxious flyers","neutral"
"227","davidhillfm tvkev ve  travelling      pandemic    ll   benidorm     ","negative"
"228"," corona pandemic   slowed         emergence    variant  south africa      careful   variant   variant omicron  increased  global tension  ","neutral"
"229","rachaelvenables lbc profiteering    pandemic shouldn  happening   hk  tests  free  travelling return  hk","negative"
"230","    continue      people   family travelling internationally  jollies     pandemic   ","neutral"
"231","  people  travelling    personality traitespecially   pandemic omg","negative"
"232","  wake   global pandemic  realised          travelling  facetoface meetings  increased  efficiency     led   question   basis  international arbitration ","negative"
"233","travelling   international pandemic      fainthearted packs traveltuesday   socialmedia","negative"
"234","thats  risk travelling   pandemic     ","negative"
"235","inquirerdotnet  govt       own safety    pandemic   meantime   public servants  celebs travelling     travel na   wrong  ","negative"
"236","  fob   ramp system  helps  commuters travelling  luggage  fob ramp   constructed    short span   months  spite   difficult situation due   pandemic ","negative"
"237","tmprowell  travel    halted    travelling   lethal pandemic","negative"
"238"," travelling  india northern    forgiven  thinking   pandemic   ","neutral"
"239"," feel     stuck abroad   decided  travel   pandemic    risks       people  vaccines travelling   world   ones spreading   guess  time  punish  unvaccinated   eh","negative"
"240"," car hire business  expected  grow rapidly  people wake   travelling   post pandemic world zuru getzuru ","negative"
"241"," car hire business  expected  grow rapidly  people wake   travelling   post pandemic world  vaccine rollouts    lockdowns  resumption  air travel  car rental  expected  boom   people move   explore zuru getzuru ","negative"
"242"," online conferences   boring travelling  curtailed hate  pandemic ","negative"
"243","news people    travelling   lethal pandemic selfish  ignorant","negative"
"244","   zealand borders remain closed  prevent  spread   covid pandemic amp  safeguard  people    hope  enter  zealand     criticalpurposevisa  ","negative"
"245","telehealth means youre  travelling   appointment saving  money  carbon emissions greenhealthforum  telehealth    household name  covid    drivers    outside   pandemic","negative"
"246","ctp unoenthusiasts personally    wearing mine   started despite   im exempt    wear      wearing   comic convention    pandemic started    issue    continue        im travelling   safety ","neutral"
"247","railwaynorthern train  dbrg lgh express bathroomswashrooms  sinks   dirty   unhygienic  travelling   unhygienic   pandemicpls   needful","negative"
"248","gracescolleenb  rachels thanksgiving didnt   planned  gf caught  cold  people  fighting    didnt quarantine   gf       travelling   pandemic  left  families quarantine bubble","negative"
"249","introvertnacho waah thank   hope   enjoy  im   thinking  doing  alolan vacation theme    travelling  pandemic blues  stinging hard         played sm  dunno    stretch   days","neutral"
"250","dianemarieposts travelling   pandemic  definitely  risk      willing  accept  cope ","negative"
"251","jsphctrl          forced    vaccine    forbidden  travelling  enrolling  school   taking    public activity      vaccinated ramaphosa feb ","negative"
"252","ctvnewsvi   price  pay  travelling   global pandemic ","neutral"
"253","supertylerc  hope  pandemic completely  people travelling amp    office  sick","neutral"
"254","qualifyfor xedwards sorry aatos     political egos  darkening  heart youre  ports    pandemic  youre ok  people   infected  covid die kids  orphans time        wayi stand   religion  travelling  sin","negative"
"255"," focus  exports   dcfta   opportunity  georgia  travelling  meet  mayor  kutaisi  tbilisi yesterday massive improvements   road infrastructure  obvious    covid pandemic georgia   stop major infrastructure projects  ","negative"
"256","vokskan owenbarder     travelling  vaccinated         happening   pandemic   fishy","negative"
"257","travelling  tanzania   pandemic  luxury travel blog  luxurytravel ","neutral"
"258","travelling      office    missed   uk   respondents  similar   pleased   lost unwanted travel commuting   assumption       person  ","neutral"
"259","thisisaustralia  morning facebook   politely reminded   travelling     keynote speaker  mc   global pandemic swept  live events  conferences covid coronaviruspandemic coronavirusaustralia ","neutral"
"260","ctvottawa travelling     pandemic  playing russian roulette","negative"
"261","crowrivernet yaneerbaryam   wondering exactly      boarding  plane  travelling   pandemic       emergency reasons","negative"
"262","ghostpagliacci oh  don   book   definitely check    love love love travelling     pandemic       favorite book    doubt  little prince   tired  read     ","negative"
"263","  lil cry  travelling  america    time   ny  course   pandemic     tons  friends eat  finest italian food  north america watch    favourite hc bands     friend luxuryevii feeling emotional","negative"
"264","ppl living  firstworld countries    entitled amp selfish     pandemic continues re scheduling booster shots     rest   world   unvaccinated amp re travelling  bc     bc   cdnpoli onpoli  covax","negative"
"265","heathrowairport    experienced  appalling treatment particularly   am  nervous   pregnant woman travelling   global pandemic  don  try    special assistance lane      physical disability terrible heathrow","negative"
"266","piersmorgan    ones  berate people  travelling   pandemic    holiday  berated people  attending  gatherings     gathering  people ","neutral"
"267","piersmorgan coming     spent months preaching  travelling   pandemic    holiday ","negative"
"268"," pandemic     phases remember   guys  super holier  thou telling people   selfish  travelling    fuck    times","negative"
"269","myonlysecret     wallet    thinking     lot calvin     hard time   visit  unvaccinated dad   stress  travelling    pandemic  am glad    safely  home  hopefully  test   negative","negative"
"270","pofflesenpai  swear governments    purpose hell    prime minister   hour  variant  detected travel   shut  fuck  oh   travelling   pandemic thats  fucking fault","negative"
"271","  people travelling abroad   midst   global pandemic amp        allowed  travel  tough tactics  required    countries   failing union  force  outlier england  comply btw wear  mask reportingscotland ","negative"
"272","dobssi prifweinidog nicolasturgeon  fault  travelling   pandemic shouldnt  allowed   ","negative"
"273","travelling   pandemic    stressful           help      overseas holiday destination   offer rapid antigen tests  test results available  minutes   touch   ","negative"
"274","fnbsa travelling  close family  fnb ebucks    experience   easier despite  challenges   pandemic lovefnb ","negative"
"275","bdaveyphoto spainlover danwootton       holidays   abroad   family   pandemic     knowledge  testing  isolation requirements     change   time   pre warned  winter restrictions planning  travelling   ","neutral"
"276","paschald banquedefrance     tips   unhinged covidians     stay totally unafraid  travelling   raging pandemic","negative"
"277","jeffcallaway citizen   selfish   travelling     pandemic","negative"
"278","  people travelling     damn pandemic  love  travel      mess     feel      carrying               im  mad  covidvariant ","negative"
"279","hi  name  steveyde   decided    gaming  irl travelling streaming   international pandemic ggs ","negative"
"280","jobloobird westmidrailway andywm tahiralimp  doubt   people  using trains due    home  example im  travelling  brum   week    tge pandemic   days  week","negative"
"281","recordingacad third favorite   wizkid  afrobeats   listened   live performances  feel  im  vacation  travelling outside  country   listen   live performances   ive  stuck   home  months  pandemic","negative"
"282","bookworm  helping raise money    school library  school  travelling  equivalent journey   moon   cause close   heart reading books definitely helped     pandemic please help  kids raise  funds ","negative"
"283","top tips  travelling  kids post covid postcovidtravel travelwithkids kidstravel parentingtips pandemic bblogrt worldwelfarert bloggingtek ourblogginglife ","neutral"
"284","people complaining    selfisolate   return  ireland  britain      risks  travelling   global pandemic didn  understand","negative"
"285","silv anecdotal  mask compliance     commute  london    people travelling  earlier   pandemic ","negative"
"286"," uk  absolutely stupid   tell  reporting    people  probably expats    honest    money   travelling     pandemic  costs       entitlement stop  ","neutral"
"287","adamlawrence fuzzywuzzyto bethnov cat agreed ve ve followed  pandemic advice   advice  contradicts  previous advice   advice  runs counter   future advice  life    travelling  week  excited   ","negative"
"288","jacwilo neilhdn thejeremyvine  havent stop travelling  pandemic   wont yesterday  concert    amazing scientists boris   rest  sheeps    jump   perfectly crafted unvaccinated ","negative"
"289","ctvtoronto travelling   pandemic  risky  understand    family   trying  return  normal       isolate themselves   ","negative"
"290","msnbc travelling   pandemic   bad idea","negative"
"291","ctvtoronto    travelling   global pandemic     ","negative"
"292","robfreudenthal drjanaway   stop spreading misinformation  maskwearing  lockdowns  travelling restrictions     pandemic restrictions   esp    variant","negative"
"293","airlines log busiest days    thanksgiving  omicron poses  challenge wanderlust travelgram adventure travel travelling traveltheworld travel  plan plan  travel read   story  ","negative"
"294","bbcnews brace yourselves   judgemental serves    travelling   pandemic wankers ah theyre  ","negative"
"295","mirandalevycopy telegraphtravel     pandemicwhy    travelling  risking catchingtransmitting  deadly virusgtgt","negative"
"296","riayn          move house   pandemic       hey     getting      people travelling  london   oes","negative"
"297","shelaghfogarty  symptomatic   featherbedded      caller  travelling  italy  xmas   runofthemill  sort  exorbitant global swarming caused  pandemic amp  whats keeping  ","negative"
"298","aircanada shame shame shame advertisinfg discounted travel rates   ongoing pandemic  people   discouraged  travelling except  dire necessity especially  omicron   appearance","negative"
"299","bbcsport bbcmotd unnecessary travelling considering     global pandemic","negative"
"300","flaneurie travelling   global pandemic isnt  risk","negative"
"301","travelling  business   moment     love  leisure travel   pandemic        exhausting","negative"
"302","eveningstandard  morale   story travelling   global pandemic  risks   travel  accept  stay  home","negative"
"303"," travelling  north india   pandemic         theres   variant omicron   rising  europe     worried   india prepared drlahariya breaks    bbcindia ","neutral"
"304"," travelling interstate    time   start   pandemic   hours ahhhh","negative"
"305","jaems wish  pratically  life  soojung   living   pandemic lt   love travelling    hope jaemin      day  ","negative"
"306","stop travelling period unless      goodbye   ailing family   zero reason     means prolonging  pandemic   ","negative"
"307","derekke angrystaffer  smallpox pandemic       worldwide travel        remotely close    travelling  happens ","negative"
"308"," biggest fear    actually    borders travelling  getting stuck    outbreak    believe  australian  stuck overseas    pandemic started","negative"
"309","ah memories    day   dave  skipton beer festivalpre pandemic  travelling   train  local foods eaten smashing  ","neutral"
"310","yes  finally released enjoy   video travelling  bali   bit strange  visit bali  pandemic   basically  international tourist hotspot ","negative"
"311","rtenews    actually  people tested   enter ireland   positive     allowed board  plane governments    blamed   shambles      else    life    crazy  travelling   pandemic  mad","negative"
"312","singapore executions  family     weeks  arrange travel hotel quarantine   covid tests     enter singapore activists  highlighted  additional challenges  travelling   pandemic torture ","negative"
"313","ns     earlier stages   pandemic    people travelling  scotland  wales via airports  england     nations approach  requirements     ineffective   hope   nations agreement   reached","neutral"
"314","fm     earlier stages   pandemic    people travelling  scotland  wales via airports  england     nations approach  requirements     ineffective   hope   nations agreement   reached","neutral"
"315","burnsidenottosh  pesky botswanans travelling  chelmsford nottingham glasgow  canada  theres  global humanityending pandemic  ","negative"
"316","devongirl cartimandua gbnews  cant confirm        variant travelling   risky   start   pandemic amp im pretty   books  trip    mind","negative"
"317","aenemus anantsyd samanthamaiden naveenjrazik newscomauhq minimising pain  youre travelling   family   holiday  dont hold  monopoly    shit time   pandemic people   grateful  relatives  alive millions  coming   christmas  lost family  covid thousands  children dead","negative"
"318","snolen oh wow  sound entitled  luck  managing  anger snolen instead  fingers   maybe   look   own role     air travelling  pandemic  stepping    plane  potential exposure","negative"
"319","jbenedictbrown   guess stockholmmalm   business travelers   night trains   mountain    north   reflect  type  pandemic effects  business travelling  decreased  active holiday trips increased","neutral"
"320","   postpandemic return   workplace   opportunity  reestablish boundaries  home  job    colleagues   flesh    represents   pointless travelling  heightened health risks  hybridwork","negative"
"321"," travelling  northern india   forgiven  thinking  pandemic  passed    people  wearing masks   towns   fewer  practising social distancing  covid  rarely mentioned  conversation ","neutral"
"322","travelling   international pandemic      fainthearted packs traveltuesday   socialmedia","negative"
"323","thehauntedhub dealing  pandemic requires society level medicine  individual   vaccinated booster shots following guidance mask wearing etc qpcr tested  travelling risks  lower  protection  unvaccinated fill itus stress health care selfish morons","negative"
"324","   funny  bts    concert       middle   pandemic     variant ppl  travelling overseas     concert  concert    cause  variant  wave blood    army  bts hands ptdonstagela","negative"
"325","rubyruprai hehe      ur guests visiting   pandemic travelling  airports  unsafe     pray ","negative"
"326","adamlevadam politicsforali telegraph  wearing  masks   protect  people innocently   essential everyday tasks   shopping  travelling     brainless mobs    crowded    pandemic","negative"
"327","irfandhalla umm    travel unless  essential   bloody pandemic    people travelling","negative"
"328","sallybundockbbc bbcone bbcnews bbcworld tbh people   thinking twice  travelling abroad   holiday excuse       pandemic tourist please dont complain   return         pcr amp self isolate   own cost","negative"
"329"," pretravel checks  vaccine passports  disembarkations    travel  changed forever join      ai amp ml   travelling smarter postpandemic click   register  smartertravel lenovochatshow wearelenovo ","positive"
"330","corona virus  india ready   third wave   approach  third    pandemic epidemiologist chandrakant lahariya writes   india  learn   fight  covid  travelling  india northern  ","negative"
"331","sallybundockbbc  personally      travelling         pandemic     grip amp bite  bullet    holiday abroad   own risk  dont moan      pcr  isolating","negative"
"332","    currently exists  possibility  cessation forget countries  origins  blaming nation  fuk heads    travelling        pandemic   global      try  own hand   variant ","negative"
"333","ctvnewsvi     worldwide pandemic  isnt obvious   months   people forget     disease     caught  spread   vaxxed people     brain   travelling  dont feel sorry     bit","negative"
"334","   preempt  hate ill probably   travelling abroad    days   goes dont  fucking bother okay  am taking  tests  ive filled   forms   past weeks    yall       pandemic","negative"
"335","lochsharona downingstreet borisjohnson sadly travelling   global pandemic  risks  travelling takes  risks","negative"
"336"," details     travelling  spread pandemic    understood  ignorance  airlines     beyond  understanding  reason ","neutral"
"337","ctvnewsvi beware  travelling   pandemic  guess ","negative"
"338","alexbloor stay  bracknell      anti stab vest   sense  humour travelling abroad   pandemic unless     sounds  bit daft","negative"
"339","facesneeker douchey jordanbpeterson     dad  brain damage  sending    sketchy unaccredited russian rehab   covid  travelling    pickup artist husband   height   pandemic id shut  fuck    rest   life","negative"
"340","fifthofwhiskey cindyintoronto jakesisko  highway raise  health care workers  child care program ltc nightmare fucked  vaxx distribution hiding  months  worse   pandemic mps travelling abroad  restrictions    ford        please unfollow ","negative"
"341","  fuck   travelling   pandemic    allowed  travel   pandemic ","negative"
"342","jarogiesbrecht  imagine   im  spit balling  people stop fecking travelling  nonessential reasons   deadly viral pandemic naaaaaaaaaaaaaaaaaaaaaaaaaaah","negative"
"343","hello  am  fascinated   world   beautiful    bc   pandemic travelling  meant  option  learn   cultures     talking abt ur culture  country please feel free  drop      love  swoon  ","negative"
"344","chriscraigman ain   truth    act   grown   travelling   global pandemic stay home","neutral"
"345","    doing getting   plane  travelling  seven fucking seas       pandemic    hell  overseas travel  allowed   privilege  white entitlement  crazy","negative"
"346","  words  frank sinatra oh          december   teen daughter arrives home  travelling  globe   pandemic  ","neutral"
"347","    acknowledged     pandemic   traveller   obese  travelling  covid  via conversationedu","negative"
"348","louderthanmitam  feel     hand im  happy       hand   thinking   reason   planes    army   travelling     unsafe        pandemic    gather people   spot","neutral"
"349","sukhvin newolddream downingstreet  live aboard     travelling   uk  christmas    family  understand    pandemic     means extra costs   risk  trip  cancelled  thats     except follow  rules   throw  toys    pram","negative"
"350","attention    pay   passenger locator form  travelling  covid pandemic  details below   guys  honest guide  ","negative"
"351","virginatlantic    cancellation policy  pandemic related cancelations travelling  america  january  worried   lock  causing issues   losing  flights  money ","negative"
"352","paulgall raging    expected travelling   global pandemic","negative"
"353","briggs davewallsworth downingstreet thats  chance    travelling   pandemic  forced   travel   ","negative"
"354","npr theres  worldwide pandemic    changed    getting worse    travelling  gathering       forever fine thedemocrats time  send  money","negative"
"355","crazy   people werent travelling halfway   world   ongoing pandemic   omicron variant wouldnt pose  threat   except south africa","negative"
"356","gd travel news snow  greeted skiers   ski slopes  resorts  reopened  italy     closure due   pandemic tourists using  ski lifts  wear masks  travelling    top   slopes   permitted      skiing ","neutral"
"357"," rode  chair   dude  seattle  meet  dad  ireland  yyc    ski st time   months  global ski teams amp people travelling    family    boarder closures   nonsensical pandemic theater","negative"
"358","newolddream downingstreet   youre travelling   pandemic    expect lucky  flight wasnt cancelled","negative"
"359","lbc tomswarbrick  feel  sorry  people travelling   pandemic   hotspot  disease   inconvenienced   issues    ","negative"
"360","thank  davetrafford newstalk  discussing  kelleygeophd travel  risk perceptions  canada   pandemic icymi  ","negative"
"361","   ban south africans  travelling   countrys health authorities  behaved responsibly  create  disincentive   countries  identify future variants  youll  concealment     china    start   pandemic","negative"
"362"," dont  ive     friends    rn partly  pandemic   argh  head     fear  loneliness amp  followed  negative  etc amp social rustiness surely  wont     travelling solo looking  connect","negative"
"363","drjacobsrad   actually broader travel restrictions    implemented   zero rationale  travelling       knee deep   pandemic  ","negative"
"364","noname sammwittings  course     faster  start     plane  land regardless  upheaval thats  tough  travelling   midst   pandemic","negative"
"365","searchingfor johnnysayy  hope hmg   lucky  time  testing  uk airports introduced late  pandemic  didnt   heard anecdotally  various friends travelling home   height   holiday season  queued  hrs   sailed    checks ","negative"
"366","   americasrepublicanparty    st century conservatism  travelling  remain  ur own countries   pandemic  somehow conservativethinkers don understand  meaning   pandemic   embrace logic     dumbness","negative"
"367","peterhotez   ban travelling     countries  people   currently vaccinated  stop  spread   pandemic","negative"
"368","  histories   pandemic  written people       foolish   pretend   weren living   deadly pandemic     insist  travelling  leisurely purposes ","negative"
"369","drzazlos travelling   pandemic   fiasco          pay   privilege  afraid","negative"
"370","bnodesk    ppl    travelling  fun   middle   pandemic  sarcasm merrychristmas covidiots","negative"
"371","hear     omicronvariant  actually  eu  november germany registered   netherlands recorded     start   pandemic austriadenmark amp france  looking   lockdowns  guess  kept travelling ","negative"
"372","munsterrugby travelling half    world   pandemic  meat heads  chase  egg       ","negative"
"373","lifesafeast sorry   goes     miss travelling  europe   vaxxed amp boosted  hesitate     trapped       control  travel tighted  sigh worldwide  vax rates      pandemic","negative"
"374","iamhappytoast iamian agree  shouldnt   law  people    seriously   dont    travelling   tube    pandemic     surprised   people    height    vax rollout   bother im glad  gonna  law","neutral"
"375","fosfusa hey gavreilly newschambers     news   travelling   pandemic   suppose     ff  fg   doesnt suit  agenda   hypocrisy   tabloid news org","negative"
"376","northcoast skynews yes      foreigners kept travelling  africa  aboard refusing getting vaccine  aboard    dont follow rules majority black native africans dont travel  pandemic     family  stopped  pandemic","neutral"
"377","imilia  honestly ridiculous  people  travelling   real reason  excuse     holiday   fucking pandemic","neutral"
"378","        travelling    world   pandemic  quarantining  airports  live   fucking island","negative"
"379","alankellylabour      infected  travelling freely   uk  ireland     politicians   band  experts    control  pandemic  super donnelly    eu countries  red list  mhq   dear masters  walk  streets safely","negative"
"380","jorurutan   due   pandemic concert travelling      goes  merch  cds ","negative"
"381"," commented  thejournalie poll   travelled abroad   start   pandemic ","negative"
"382","lbc tomswarbrick  travelling   pandemic   insurance  deal   situations tough   haven","neutral"
"383","      pretending   pandemic    governments russian roulette game   gone    times   tories sat   hoc nomasks  clown visiting  masks travelling  mask    sake   economy","negative"
"384","apparently  ppl    wear mask  shopping  tesco  travelling  train  pandemic  huge encroachment  civil liberties ve  doing  wo fail  march      inconvenience set   enormous benefits  ","neutral"
"385","belvandlander seriously   wasnt   actors travelling   pandemic  taking precautions     season  march contrary  common belief   human    holiday sometimes ","neutral"
"386","missrobinson gabrielsassoon nswhealth  passengers   trip  south africa   netherlands contact ed    plane     travelling  south africa  australia hours     day depending   route  stop    doesnt sound   perfect storm  pandemic potential","neutral"
"387","marksw     people    considerations     worldwide pandemic  follow  rules   wear  facecovering  travelling  avanti  ","negative"
"388","travelling   international pandemic      fainthearted packs traveltuesday   socialmedia","negative"
"389","  travelling   pandemic etc","negative"
"390","oohh  won    nth queensland   grey nomads      travelling    pandemic  agree btw ","neutral"
"391","marctennant  paikin  seated    person  uk  despite breathing   air  hours  sent home  isolate  hours   amp  travelling  south africa sent  supervised quarantine   fortnight covidau leak route ","negative"
"392","  dua lipa didn    newsletter service  travel tips      travelling   world     pandemic  ","negative"
"393","missy    twice    pandemic     flu   son    people travelling  china  antibody test proved   covid    vaccines  son   caught  delta  elderly parents   slight cough   okay    test","negative"
"394","im    goes   holidays especially abroad im  lazy  holidays  involve effort isnt  holiday    understand   people miss travelling etc   cant understand  willingly boarding  aeroplane   pandemic   insane","neutral"
"395","   travelling           third    pandemic     vaccines  ","negative"
"396","indonesia badminton festival  bali looks   massive success perfect answer   pandemic maybe  model  future tournaments makes   travelling worthwhile  helps reduce carbon footprint","negative"
"397"," booking days  advance    situation statistically impossible unless  force    algorithms    obviously using  covid pandemic  families angst  travelling  gouge   push   spend  money  ease  minds","negative"
"398","hiddenhorcrux scottmorrisonmp   countries didnt stay locked         situation   vaccine hesitancysupply issues failure  build fit  purpose quarantine facilities  maybe travelling overseas   family     costs  living thru   pandemic","neutral"
"399","  people complaining   pcr test   ots codting  thats     travelling   pandemic sweetcheeks","negative"
"400","wordsbyjill  real pandemic     play     supposed      hear   difficult     family    sucks      people travelling recreationally        issue ","neutral"
"401",NA,"neutral"
